{"training_loss": [5.488484097957164, 4.7442762800322145, 4.354215459501844, 4.024665985134235, 3.7893874759191424, 3.6070861932599, 3.4634020183280794, 3.347112524252465, 3.2511539807806757, 3.1673046818601827, 3.0942220386211963, 3.0318523637580337, 2.977096638728663, 2.928074137563446, 2.8854321095020614, 2.8457538301741394, 2.809973226715274, 2.776321553468928, 2.747141799640745, 2.7197619572686835, 2.6952648066759335, 2.6710268727171163, 2.65075665695598, 2.6283959517885616, 2.6094074941955108, 2.592017092879062, 2.5749949488331474, 2.5572405429007077, 2.5420434756489034, 2.5280554417482355, 2.514053102732822, 2.4994446312923126, 2.4867676345678613, 2.475648832410546, 2.4629156448736076, 2.452275673473898, 2.4410076646348977, 2.4319237985673525, 2.420324350364206, 2.411075494170971, 2.4026549823281913, 2.3948942622852414, 2.383874622928616, 2.3772249485469916, 2.367857805455859, 2.3601075378442995, 2.3525196093762157, 2.344266875167818, 2.33717149982077, 2.3303378622668194, 2.3239907791598893, 2.3161444548925956, 2.3111724532868334, 2.304159193923793, 2.2987400978217085, 2.291932566320103, 2.2855033352761596, 2.2802764573941863, 2.2741351174548505, 2.2695149656982205, 2.264478767934869, 2.257642705862837, 2.253365111999011, 2.248473506612876, 2.243083947712613, 2.2390086319028715, 2.2333270608540885, 2.229618091391087, 2.225588931809437, 2.220477567393867, 2.215915347441626, 2.211844413997754, 2.2088696021506355, 2.203926168989666, 2.1998749884245212, 2.1969373223931297, 2.1921904358555473, 2.187875116217773, 2.186735853259543, 2.1827022458418797, 2.1777623613638193, 2.174301619829144, 2.1715054594699534, 2.1672486205355743, 2.164078769665962, 2.1621384063164766, 2.1576335572034484, 2.1563673065215934, 2.1521228230100093, 2.148279853479373, 2.146229660723292, 2.1427001186699766, 2.140153549381138, 2.1390231085806777, 2.1337071269499215, 2.13184106171187, 2.1296624522848226, 2.1268355374930614, 2.1228018698562723, 2.1208149211475975, 2.1196655944450615, 2.1159457726912065, 2.1129277716648276, 2.111684915387083, 2.108670259035963, 2.1060141142887163, 2.103146588902889, 2.101043207911319, 2.0993878745317684, 2.0967768629578196, 2.095023462229392, 2.092113045073047, 2.0911636314552973, 2.0876814128085623, 2.0852639210369395, 2.0831301592171694, 2.0809907969069905, 2.0804636221459343, 2.077296107532605, 2.0755042365028573], "test_loss": [4.946617890833022, 4.516752096597622, 4.152920613128148, 3.894290159704087, 3.7325310180249733, 3.5492193047027016, 3.435978952865029, 3.342078011580621, 3.2584514850087825, 3.1882523767064126, 3.1310427492477473, 3.0816025171387063, 3.03608777192648, 3.001980688688014, 2.968733539295554, 2.93652264455731, 2.9109774001975186, 2.883673842926597, 2.8688013517901245, 2.8414441976654397, 2.8217694366469366, 2.8061456849959012, 2.7895265813177446, 2.7736126599686868, 2.7727745150805414, 2.7578474126951527, 2.733443015523618, 2.724104565181089, 2.7157130544998225, 2.706014540311549, 2.6969617904348766, 2.691148557912991, 2.682049490539322, 2.675849715422155, 2.6756099118722068, 2.658268911561716, 2.655620212412059, 2.6384501510791565, 2.6370000223095498, 2.62787863199184, 2.6245409442244396, 2.6264347646120334, 2.609796682993571, 2.6165901712710493, 2.607599372720897, 2.5978553714823636, 2.6036131283763644, 2.5963244143496738, 2.5884918595074713, 2.588210755073176, 2.583096921220701, 2.577935101834129, 2.5886221128456604, 2.572809858715043, 2.5688372417335654, 2.5642553152662986, 2.556800069880396, 2.5565576071149847, 2.5575689885500217, 2.551440211271079, 2.555160895715492, 2.544807625174076, 2.545980635653721, 2.5410730624466797, 2.5403591568550365, 2.5413667396659707, 2.540473543302843, 2.5402419665333036, 2.5274902559844743, 2.5367538848619784, 2.529539422595992, 2.5613748562916387, 2.528794539555182, 2.5314360763249772, 2.5241223158461326, 2.523509443475959, 2.5167990480915883, 2.52319756518589, 2.51583428240001, 2.511319800709071, 2.5212168925710383, 2.518587628553869, 2.5140438892421653, 2.518610399760557, 2.5077913432532037, 2.50673425242249, 2.51085441925106, 2.506325992305627, 2.510648576507854, 2.5067650334218916, 2.5051704747846513, 2.5052757084592896, 2.5019943490903476, 2.512259391363194, 2.50269028131435, 2.5039402742064403, 2.5022692153516335, 2.5004938952485274, 2.508631941977512, 2.499093729012021, 2.495215869574958, 2.493450566623988, 2.4980630812127047, 2.4918855817130443, 2.499378113264448, 2.487466830885812, 2.4918314258704024, 2.502981278780248, 2.4959436775593273, 2.497589154189892, 2.498852627107713, 2.4981763478968473, 2.4865002257100652, 2.4874868687618985, 2.493934887625305, 2.492481784427657, 2.496943691696567, 2.491134203328622, 2.4876885306969116, 2.4953223257029102]}